token_symbol,token_quote_symbol,token_name,price,txns,makers,volume,five_min,one_hour,six_hour,twenty_four_hour,liquidity,fdv,datetime
SLOW,mSOL,Slow Protocol,$0.006480,"121,764",$4.6K,2,0%,-0.36%,2.06%,2.36%,$11K,$135K,2023-07-12 16:34:59.556104
WETH,USDC,Wrapped Ether,"$1,896.26","80,716",$9.5M,"47,669",-0.02%,0.46%,0.45%,1.24%,$61.0M,$41.8M,2023-07-12 16:34:59.558177
SOL,USDC,Wrapped SOL,$22.58,"33,662",$775K,"2,378",0.08%,-0.11%,2.65%,2.81%,$47K,-,2023-07-12 16:34:59.560197
WBNB,USDT,Wrapped BNB,$246.50,"25,986",$3.5M,"13,315",-0.04%,-0.11%,-0.72%,-0.12%,$37.7M,$564.7M,2023-07-12 16:34:59.562210
WBNB,USDT,Wrapped BNB,$246.13,"20,355",$9.4M,"13,111",-0.06%,-0.46%,-0.80%,-0.14%,$306K,$565.2M,2023-07-12 16:34:59.564115
WETH,USDC,Wrapped Ether,"$1,894.55","19,911",$1.3M,"14,594",-0.03%,0.15%,0.64%,1.13%,$6.5M,$41.8M,2023-07-12 16:34:59.565895
RWT,USDT,RevaLink Wallet Token,$6.90,"15,592",$21.4M,"3,951",0.05%,-0.66%,-2.58%,3.06%,$24.3M,$44.19B,2023-07-12 16:34:59.567666
ETX,USDC,Ethrix,$0.4034,"15,539",$159K,191,-0.42%,-0.38%,1.67%,-18.25%,$26K,$40.3M,2023-07-12 16:34:59.569435
WETH,USDC,Wrapped Ether,"$1,893.18","15,496",$1.5M,"11,518",0.01%,0.35%,0.62%,1.17%,$17.6M,$41.7M,2023-07-12 16:34:59.571200
WETH,USDC,Wrapped Ether,"$1,898.51","14,335",$2.4M,"10,940",0.39%,0.75%,0.36%,1.32%,$16.5M,$42.4M,2023-07-12 16:34:59.572794
WMATIC,USDC,Wrapped Matic,$0.7405,"13,650",$14.3M,"6,855",0.09%,-0.12%,0.78%,0.10%,$7.3M,$103.1M,2023-07-12 16:34:59.574379
WETH,USDC,Wrapped Ether,"$1,895.37","13,206",$4.6M,"8,946",0.06%,0.26%,0.40%,1.34%,$6.4M,$41.8M,2023-07-12 16:34:59.575967
SOL,USDC,Wrapped SOL,$22.59,"11,695",$8.0M,"1,318",0.11%,-0.03%,2.74%,2.90%,$2.0M,-,2023-07-12 16:34:59.577556
WBNB,BUSD,Wrapped BNB,$246.74,"10,959",$1.2M,"6,973",-0.01%,0%,-0.58%,-0.08%,$25.2M,$565.2M,2023-07-12 16:34:59.579141
OSMO,USDC,Osmosis,$0.4928,"10,485",$2.0M,866,0.02%,-0.11%,-0.54%,-0.17%,$10.5M,$492.8M,2023-07-12 16:34:59.580572
USDT,WETH,Tether USD,$1.00,"9,516",$788K,"5,771",0.01%,-0.06%,0.06%,0.03%,$1.9M,$5.8M,2023-07-12 16:34:59.582005
WETH,USDC,Wrapped Ether,"$1,895.53","9,217",$61.1M,"3,584",0.07%,0.09%,0.36%,1.28%,$48.5M,$583.6M,2023-07-12 16:34:59.583448
WFLOKI,WBNB,Wrapped Floki,$0.001682,"9,199",$1.8M,138,0.71%,9.56%,69.35%,69.35%,$57K,$1.6M,2023-07-12 16:34:59.584880
GETH,WETH,Goerli ETH,$0.1265,"8,593",$10K,"8,111",-0.34%,-0.15%,-1.27%,1.77%,$76K,$94K,2023-07-12 16:34:59.586312
WETH,USDC,Wrapped Ether,"$1,894.14","8,509",$2.2M,"5,858",0.02%,0.24%,0.48%,1.28%,$1.7M,$42.3M,2023-07-12 16:34:59.587748
FLIP,WETH,Chainflip,$0.005169,"8,352",$194,"7,500",-1.65%,-22.52%,-6.84%,5.12%,$67,$463K,2023-07-12 16:34:59.589179
USDT,USDC,Tether USD,$2.08,"8,020",$2.1M,"4,772",-0.02%,-0.44%,1.03%,-0.07%,$10.3M,$12.1M,2023-07-12 16:34:59.590488
WETH,USDT,Wrapped Ether,"$1,895.47","7,525",$27.6M,"3,081",0.07%,0.11%,0.36%,1.26%,$17.3M,$583.6M,2023-07-12 16:34:59.591799
WETH,USDC,Wrapped Ether,"$1,895.80","7,515",$8.3M,"4,420",0.04%,0.12%,0.36%,1.34%,$6.5M,$121.2M,2023-07-12 16:34:59.593118
USDC,USDT,USD Coin (PoS),$0.9999,"7,430",$3.5M,"4,344",0%,0%,0%,0%,$2.1M,$643.0M,2023-07-12 16:34:59.594430
WETH,USDC,Wrapped Ether,"$1,896.29","7,423",$11.9M,"1,376",0.09%,0.15%,0.39%,1.28%,$10.8M,$409.9M,2023-07-12 16:34:59.595738
PUGAI,USDC,PUGAI,$0.096696,"7,204",$16K,700,-0.03%,1.10%,-0.54%,-5.77%,$6.0K,$66K,2023-07-12 16:34:59.597044
SOL,USDC,Wrapped SOL,$22.58,"7,107",$72K,602,0.15%,-0.08%,2.68%,2.83%,$14K,-,2023-07-12 16:34:59.598361
ATOM,OSMO,Cosmos Hub Atom,$9.20,"7,103",$1.2M,"1,859",0.01%,-0.12%,-0.14%,-0.32%,$33.5M,$2.69B,2023-07-12 16:34:59.599671
WMATIC,USDT,Wrapped Matic,$0.7405,"6,841",$1.5M,"3,801",0.10%,-0.14%,0.80%,0.07%,$1.6M,$103.1M,2023-07-12 16:34:59.600979
WETH,USDC,Wrapped Ether,"$1,906.43","6,745",$77K,"5,664",0.84%,2.94%,1.06%,1.70%,$9.9K,$42.0M,2023-07-12 16:34:59.602182
FTC,USDT,FTC,$114.84,"6,640",$2.5M,"5,227",-0.02%,-0.65%,-2.61%,-4.13%,$54.8M,$96.47B,2023-07-12 16:34:59.603388
ETH,USDT,Ethereum Token,"$1,898.38","6,633",$469K,"5,227",0.03%,0.26%,0.26%,1.40%,$3.8M,$1.14B,2023-07-12 16:34:59.604595
ZETA,WETH,Zeta,$0.0001716,"6,533",$173,"5,145",-1.12%,-0.97%,-10.87%,-10.66%,$742,$360K,2023-07-12 16:34:59.605826
Dede,WETH,Dede,$0.06338,"6,526",$6.9M,"2,113",6.40%,-17.79%,-32.23%,411%,$262K,$4.2M,2023-07-12 16:34:59.607091
WBTC,USDC,(PoS) Wrapped BTC,"$30,681.67","6,236",$1.3M,498,0%,-0.24%,-0.08%,0.45%,$480K,$178.4M,2023-07-12 16:34:59.608358
testUSDC,WETH,TEST_USDC,$0.00002261,"6,122",$1.4K,"1,601",-1.65%,2.32%,16.87%,-68.61%,$383,$452.2M,2023-07-12 16:34:59.609572
WBNB,BUSD,Wrapped BNB,$246.25,"6,063",$4.2M,"4,217",0.02%,-0.41%,-0.75%,-0.08%,$7.6M,$565.4M,2023-07-12 16:34:59.610783
APT,USDC,Aptos Coin,$7.01,"5,879",$186K,"1,934",0.03%,-0.43%,-0.59%,0.59%,$1.1M,-,2023-07-12 16:34:59.611937
USDt,USDC,TetherToken,$1.00,"5,854",$3.0M,"3,765",0%,0%,0%,-0.01%,$375K,$651.1M,2023-07-12 16:34:59.613094
USDC,WFTM,USD Coin,$0.4192,"5,819",$2.2M,"2,365",-1.44%,-6.29%,-28.53%,-25.88%,$2.6M,$76.2M,2023-07-12 16:34:59.614246
WETH,USDC,Wrapped Ether (Wormhole),"$1,895.49","5,793",$217K,209,0.12%,0.02%,0.69%,1.44%,$111K,$38.6M,2023-07-12 16:34:59.615403
WETH,USDC,Wrapped Ether,"$1,895.28","5,783",$1.1M,"3,816",0.09%,0.11%,0.30%,1.31%,$114K,$583.5M,2023-07-12 16:34:59.616555
MONA,WETH,MonaCoin,$0.01187,"5,716",$4.6M,"1,727",2.93%,-17.33%,-23.20%,"60,599%",$126K,$1.1M,2023-07-12 16:34:59.617708
VARA,WKAVA,Vara,$0.04243,"5,520",$24K,87,0.47%,0.42%,-2.40%,20.28%,$350K,$3.2M,2023-07-12 16:34:59.618855
WETH,SOL,Wrapped Ether (Wormhole),"$1,889.37","5,338",$132K,226,-0.07%,-0.26%,0.13%,1.44%,$57K,$38.5M,2023-07-12 16:34:59.619973
L3,USDT,L3,$45.79,"5,281",$9.4K,"4,339",0.01%,0.15%,1.00%,3.60%,$1.0M,$376.1M,2023-07-12 16:34:59.621095
USDT,USDC,Tether USD,$1.00,"5,208",$2.7M,"3,282",0%,0%,0%,0%,$6.7M,$485.9M,2023-07-12 16:34:59.622222
WETH,WMATIC,Wrapped Ether,"$1,896.27","5,205",$4.2M,"2,905",0.08%,0.17%,0.41%,1.41%,$3.1M,$409.9M,2023-07-12 16:34:59.623347
WMATIC,USDC,Wrapped Matic,$0.7402,"5,025",$48K,"3,907",0.01%,-0.32%,0.56%,-0.08%,$379K,$103.0M,2023-07-12 16:34:59.624475
APT,USDC,Aptos Coin,$7.00,"5,008",$199K,"2,071",-0.03%,-0.58%,-0.83%,0.64%,$924K,-,2023-07-12 16:34:59.625600
USDC,WKAVA,USD Coin,$1.00,"4,934",$159K,142,1.55%,1.94%,1.23%,-0.20%,$200K,$5.3M,2023-07-12 16:34:59.626716
Doge3.0,WETH,Doge 3.0,$0.0108157,"4,880",$4.9M,"1,312",3.13%,-30.82%,-89.88%,-86.57%,$36K,$34K,2023-07-12 16:34:59.627807
STA,USDT,STA TOKEN,$0.3921,"4,710",$1.1M,"2,097",0.61%,-1.90%,-0.40%,18.78%,$323K,$82.3M,2023-07-12 16:34:59.628928
SOL,USDC,Wrapped SOL,$22.57,"4,648",$118K,451,0.03%,-0.10%,2.60%,2.80%,$37K,-,2023-07-12 16:34:59.630051
agEUR,USDC,agEUR,$1.10,"4,561",$3.1K,"4,319",0.32%,0.35%,-0.57%,0.88%,$3.3K,$3.0M,2023-07-12 16:34:59.631175
WMATIC,USDC,Wrapped Matic,$0.7407,"4,557",$124K,"3,361",-0.02%,-0.10%,0.62%,0.03%,$2.1M,$103.1M,2023-07-12 16:34:59.632353
COMP2,USDC,Compound II,$0.00007302,"4,535",$56K,90,7.47%,-27.82%,21.40%,21.40%,$6.7K,$7.3K,2023-07-12 16:34:59.633501
WETH,USDC,WETH,"$1,896.74","4,518",$126K,"2,333",-0.02%,0.31%,0.07%,1.01%,$852K,$5.7M,2023-07-12 16:34:59.634609
AIC,WBNB,ASCSIGN INC,$0.0004143,"4,371",$828K,130,-24.17%,64.50%,16.11%,"1,145%",$24K,$41K,2023-07-12 16:34:59.635788
OPPAI,WETH,Oppai Token,$0.081131,"4,353",$2.8M,"1,197",-6.51%,69.10%,37.00%,"2,069%",$178K,$475K,2023-07-12 16:34:59.637077
USDC,WETH,USD Coin,$0.9999,"4,262",$20.1M,"1,460",0%,-0.01%,0%,0%,$13.6M,$148.0M,2023-07-12 16:34:59.638339
ARB,USDC,Arbitrum,$1.13,"4,246",$7.7M,665,0.03%,-0.03%,0.72%,1.47%,$4.1M,$11.33B,2023-07-12 16:34:59.639545
WBNB,USDT,Wrapped BNB,$246.23,"4,219",$16.4M,"2,689",0.01%,-0.44%,-0.76%,-0.08%,$33.1M,$565.4M,2023-07-12 16:34:59.640729
Cake,APT,PancakeSwap Token,$1.48,"4,063",$40K,"1,022",0%,-0.25%,-0.82%,-1.43%,$496K,$4.5M,2023-07-12 16:34:59.641979
USDT,BUSD,Tether USD,$1.00,"4,025",$8.0M,"2,922",0%,0%,0%,-0.01%,$32.2M,$3.38B,2023-07-12 16:34:59.643199
WBNB,USDT,Wrapped BNB,$246.27,"3,958",$1.6M,"2,742",0.03%,-0.37%,-0.73%,-0.12%,$1.0M,$564.1M,2023-07-12 16:34:59.644430
SOL,USDC,Wrapped SOL,$22.59,"3,951",$197K,331,0%,0.11%,4.46%,3.83%,$3.5M,-,2023-07-12 16:34:59.645601
SQUID2,WBNB,SQUID 2,$0.0116341,"3,902",$605K,"1,146",0.96%,-10.91%,-33.06%,99.28%,$93K,$317K,2023-07-12 16:34:59.646782
MNTC,USDT,Minati,$15.51,"3,750",$949K,1,0%,0%,-1.12%,-16.71%,$23K,$775K,2023-07-12 16:34:59.647957
CRYSTAL,WJEWEL,Crystals,$0.01706,"3,713",$8.8K,"1,054",0%,0.31%,-0.01%,-0.33%,$398K,$3.9M,2023-07-12 16:34:59.649219
$FUR,USDC,Furio,$0.03116,"3,685",$11K,"1,412",-0.01%,0.30%,0.07%,-0.72%,$453K,$293K,2023-07-12 16:34:59.650470
WGPT,USDT,Wrapped GPT,$1.17,"3,653",$1.8M,"1,485",-0.51%,-0.90%,-14.12%,17.54%,$367K,$24.6M,2023-07-12 16:34:59.651724
HTO,USDC,HTO,$0.001899,"3,631",$4.2K,17,-0.50%,-0.59%,-0.88%,-2.97%,$12K,$949K,2023-07-12 16:34:59.652909
GMETA,USDT,GMETA,$45.93,"3,609",$110K,"1,338",0.01%,0.09%,1.08%,2.87%,$9.7M,$45.93B,2023-07-12 16:34:59.654118
WBNB,USDT,Wrapped BNB,$247.01,"3,559",$89K,"2,668",0.04%,0.09%,-0.79%,0.15%,$207K,$565.8M,2023-07-12 16:34:59.655286
WETH,USDC,Wrapped Ether,"$1,896.11","3,507",$138.4M,"2,287",0.07%,0.15%,0.39%,1.34%,$250.6M,$6.47B,2023-07-12 16:34:59.656467
BTC.b,WAVAX,Bitcoin,"$30,767.99","3,421",$616K,"2,336",0.07%,-0.07%,0.26%,0.62%,$1.6M,$181.9M,2023-07-12 16:34:59.657645
SRM,USDC,Serum,$0.1100,"3,400",$73K,108,-0.03%,-0.75%,-0.75%,-0.93%,$152K,$1.090B,2023-07-12 16:34:59.658820
mSOL,SOL,Marinade staked SOL (mSOL),$25.26,"3,367",$1.0M,238,0%,-0.37%,2.07%,2.89%,$1.4M,$142.5M,2023-07-12 16:34:59.660000
DFKGOLD,WJEWEL,Gold,$0.00003630,"3,346",$1.5K,"1,682",-0.02%,0.92%,2.08%,0.62%,$3.7K,$51K,2023-07-12 16:34:59.661209
WETH,USDC,WETH,"$1,894.22","3,344",$82K,"1,945",-0.01%,0.38%,0.22%,0.92%,$1.9M,$5.7M,2023-07-12 16:34:59.662452
METADOGE2,WBNB,META DOGE 2.0,$0.0004201,"3,263",$175K,551,0%,-2.08%,-12.67%,-79.68%,$23K,$21K,2023-07-12 16:34:59.663717
stSOL,SOL,Lido Staked SOL,$25.13,"3,262",$911K,185,0%,-0.39%,2.07%,2.92%,$2.4M,$60.8M,2023-07-12 16:34:59.664973
WKLAY,npKLAY,Wrapped Klay,1.0025 npKLAY,"3,254",-,7,-0.01%,-0.02%,-0.01%,0.04%,-,-,2023-07-12 16:34:59.666186
PLSX,WPLS,PulseX,$0.00003758,"3,224",$2.9M,"1,316",-0.05%,-0.11%,4.65%,4.72%,$75.2M,$5.37B,2023-07-12 16:34:59.667363
WCORE,USDT,Wrapped CORE,$0.9124,"3,189",$40K,"1,897",0.01%,0.31%,-0.20%,0.91%,$341K,$1.8M,2023-07-12 16:34:59.668537
BTC2.0,WETH,Bitcoin 2.0,$0.07974,"3,163",$5.3M,"1,168",2.90%,9.51%,-11.78%,-56.03%,$558K,$1.6M,2023-07-12 16:34:59.669745
WETH,USDT,Wrapped Ether,"$1,895.75","3,144",$62.7M,"1,981",0.06%,0.11%,0.39%,1.40%,$80.9M,$6.47B,2023-07-12 16:34:59.670952
WBNB,BUSD,Wrapped BNB,$246.56,"3,126",$55K,"2,504",0.14%,-0.16%,-0.71%,-0.04%,$16K,$564.8M,2023-07-12 16:34:59.672125
WMATIC,USDC,Wrapped Matic,$0.7405,"3,078",$2.6M,976,0.09%,-0.13%,0.81%,0.07%,$3.0M,$103.1M,2023-07-12 16:34:59.673321
iZi,USDC,izumi Token,$0.02439,"3,073",$95K,"1,909",0%,0.11%,0.64%,2.49%,$54K,$4.8M,2023-07-12 16:34:59.674535
OP,USDC,Optimism,$1.25,"3,070",$210K,"1,195",0.01%,-0.14%,1.45%,3.31%,$411K,$5.37B,2023-07-12 16:34:59.675800
zkVAULT,WBNB,zkVAULT,$0.02793,"2,994",$218K,"1,661",0.02%,-1.89%,-12.39%,-69.71%,$144K,$279K,2023-07-12 16:34:59.677091
DAI,WFTM,Dai Stablecoin,$0.3119,"2,955",$860K,"1,302",-3.66%,-3.08%,-29.35%,-21.90%,$355K,$11.0M,2023-07-12 16:34:59.678394
LTX,SOL,Tanox,$0.00004601,"2,930",$12K,61,0%,-3.25%,-2.68%,-6.10%,$516K,$3.6M,2023-07-12 16:34:59.679691
BTC.b,USDC,Bitcoin,"$30,678.20","2,902",$9.9M,"1,674",-0.10%,-0.20%,-0.10%,0.50%,$1.6M,$181.4M,2023-07-12 16:34:59.680997
PEPE,WPLS,Pepe,$0.074157,"2,820",$428K,475,-1.45%,3.83%,12.94%,5.55%,$294K,$17.4M,2023-07-12 16:34:59.682224
PEPE,WPLS,Pepe,$0.074183,"2,804",$231K,624,-0.87%,4.01%,13.08%,6.79%,$33K,$17.5M,2023-07-12 16:34:59.683443
LUM,OSMO,Lum,$0.0003496,"2,798",$6.6K,124,0.02%,-0.11%,-0.66%,-0.22%,$162K,-,2023-07-12 16:34:59.684662
ARB,WETH,Arbitrum,$1.13,"2,795",$13.7M,"1,103",0.07%,0.06%,0.71%,1.37%,$17.0M,$11.33B,2023-07-12 16:35:00.290350
fUSDT,WFTM,Frapped USDT,$0.3668,"2,779",$777K,"1,117",0.01%,-9.17%,-30.79%,-27.09%,$560K,$30.5M,2023-07-12 16:35:00.292586
ETH2.0,WETH,Ethereum 2.0,$0.085759,"2,750",$3.0M,914,4.74%,-11.53%,-1.74%,18.34%,$233K,$575K,2023-07-12 16:35:00.294800
CAT,WETH,CatCoin,$0.02217,"2,735",$1.4M,"1,011",-0.58%,10.84%,"9,627%","9,627%",$81K,$465K,2023-07-12 16:35:00.296739
ARBS,WETH,Arbswap Token,$0.002202,"2,713",$490K,85,0.12%,0.12%,-1.53%,8.47%,$108K,$323K,2023-07-12 16:35:00.298675
WPLS,USDC,Wrapped Pulse,$0.0001098,"2,709",$2.9M,"1,076",-0.33%,0.40%,3.12%,4.54%,$16.2M,$855.0M,2023-07-12 16:35:00.300644
CROC,WETH,Crocodile,$0.081297,"2,695",$1.6M,887,0.95%,-10.62%,-18.85%,-34.40%,$314K,$545K,2023-07-12 16:35:00.302585
VARA,USDC,Vara,$0.04210,"2,678",$17K,91,0.51%,-0.51%,-2.67%,20.05%,$35K,$3.2M,2023-07-12 16:35:00.304335
WPIG,WBNB,WPIG,$0.0159570,"2,658",$559K,315,0%,0%,0%,-100%,$1,-,2023-07-12 16:35:00.306083
SPACE,WETH,SPACE,$0.1430,"2,658",$102K,"1,722",-0.03%,0.99%,-0.30%,-0.65%,$313K,$2.5M,2023-07-12 16:35:00.307832
agEUR,USDC,agEUR,$1.10,"2,649",$1.0M,"1,983",-0.42%,0.41%,0.75%,0.93%,$549K,$763K,2023-07-12 16:35:00.309570
Metis,WBNB,Metis Token,$0.01543,"2,641",$152K,657,-0.18%,0.51%,1.84%,-19.18%,$22K,$154K,2023-07-12 16:35:00.311233
axlUSDC,WFTM,Axelar Wrapped USDC,$0.9898,"2,627",$922K,694,-0.53%,-1.04%,-0.67%,-1.40%,$1.2M,$2.0M,2023-07-12 16:35:00.312800
USDT,USDC,Tether USD,$1.00,"2,611",$828K,"1,535",0%,0%,0%,0.01%,$544K,$3.38B,2023-07-12 16:35:00.314379
USDC,DAI,USD Coin (PoS),$1.00,"2,606",$10K,17,0%,0%,0%,0%,$132K,$643.1M,2023-07-12 16:35:00.315972
WETH,DAI,Wrapped Ether,"$1,897.34","2,598",$131K,"2,123",-0.01%,0.17%,0.34%,1.54%,$252K,$121.3M,2023-07-12 16:35:00.317559
APT,USDT,Aptos Coin,$7.02,"2,597",$38K,970,0.02%,-0.56%,-0.44%,0.65%,$69K,-,2023-07-12 16:35:00.319144
ARKM,USDT,Arkham,$0.1280,"2,568",$5.6M,300,5.29%,10.44%,345%,8.38%,$656K,$12.8M,2023-07-12 16:35:00.320707
PAGMI,WETH,PAGMI,$0.091155,"2,564",$1.5M,766,0.51%,14.48%,-47.52%,"1,107%",$31K,$33K,2023-07-12 16:35:00.322160
RIN,USDC,Aldrin,$0.05993,"2,554",$232,14,-5.37%,-5.91%,-5.34%,-3.14%,$11K,$2.9M,2023-07-12 16:35:00.323613
agEUR,USDC,agEUR,$1.10,"2,550",$734K,"2,135",-0.01%,0.41%,0.72%,0.78%,$989K,$3.0M,2023-07-12 16:35:00.325079
Lido,WBNB,Lido Threads,$0.0142591,"2,548",$663K,228,0%,33.70%,-100%,-100%,<$1,-,2023-07-12 16:35:00.326546
RAY,USDC,Raydium,$0.2007,"2,495",$236K,192,-0.01%,-1.08%,1.27%,2.72%,$2.1M,$111.4M,2023-07-12 16:35:00.328047
WAGMI,WETH,Wagmi Coin,$0.082693,"2,493",$3.0M,860,-0.18%,-7.50%,19.98%,445%,$245K,$1.1M,2023-07-12 16:35:00.329503
BUSD,USDC,Binance USD,$0.5755,"2,489",$1.2M,"1,403",0%,1.25%,10.72%,14.86%,$1.4M,$1.8M,2023-07-12 16:35:00.330955
mSOL,USDC,Marinade staked SOL (mSOL),$25.31,"2,459",$24K,114,0.02%,-0.11%,2.59%,2.71%,$8.7K,$142.7M,2023-07-12 16:35:00.332417
iZi,WETH,izumi Token,$0.02437,"2,457",$178K,"1,641",0%,0.39%,0.24%,2.47%,$133K,$4.8M,2023-07-12 16:35:00.333767
STG,WETH,StargateToken,$0.6404,"2,440",$539K,"1,973",0.11%,-0.11%,-2.17%,-1.42%,$379K,$19.7M,2023-07-12 16:35:00.335109
CELO,mcUSD,Celo native asset,$0.4990,"2,423",$17K,152,0%,-0.25%,0.27%,1.47%,$234K,$336.7M,2023-07-12 16:35:00.336446
USDC,USDT,USD Coin,$0.9999,"2,422",$1.2M,"1,611",0%,0%,-0.01%,-0.01%,$819K,$345.2M,2023-07-12 16:35:00.337784
BNBFrog2,WBNB,BNB Frog 2.0,$0.0205794,"2,411",$92K,657,0.16%,-0.51%,-14.24%,104%,$11K,$34K,2023-07-12 16:35:00.339152
HEX,WPLS,HEX,$0.02349,"2,391",$2.8M,"1,039",-0.09%,0.30%,4.98%,4.85%,$49.7M,$13.82B,2023-07-12 16:35:00.340511
ARCH,OSMO,Archway,$0.1442,"2,379",$104K,614,-1.06%,-4.40%,-8.73%,-4.98%,$28K,-,2023-07-12 16:35:00.341877
WPLS,DAI,Wrapped Pulse,$0.0001096,"2,375",$4.6M,958,-0.04%,0.31%,3.68%,5.15%,$40.0M,$853.7M,2023-07-12 16:35:00.343167
ARKM,USDT,Arkham,$0.0001832,"2,363",$5.1M,263,5.17%,60.85%,163%,-52.73%,$506K,$18.3M,2023-07-12 16:35:00.344460
WCORE,USDC,Wrapped CORE,$0.9287,"2,361",$2.8K,"1,070",0.62%,0.24%,0.76%,-1.91%,$51,$1.8M,2023-07-12 16:35:00.345747
USD+,USDC,USD+,$0.9985,"2,347",$1.5M,"1,373",0.05%,1.74%,-7.75%,-3.70%,$1.7M,$3.3M,2023-07-12 16:35:00.347028
Babydoge2.0,WBNB,Babydoge 2.0,$0.0115856,"2,338",$349K,994,-2.53%,12.67%,11.32%,32.08%,$204K,$1.1M,2023-07-12 16:35:00.348311
MOD,USDC,Move Dollar,$1.01,"2,333",$59K,975,0.20%,-0.01%,0.24%,0.25%,$3.3M,-,2023-07-12 16:35:00.349590
WJEWEL,USDC,Wrapped JEWEL,$0.1498,"2,324",$9.0K,"1,942",0%,0.32%,0.48%,0.98%,$612K,$11.3M,2023-07-12 16:35:00.350847
COY,WCORE,COY,$0.04466,"2,320",$159K,866,0.30%,-0.52%,10.33%,23.22%,$302K,$3.3M,2023-07-12 16:35:00.352107
WETH,USDC,Wrapped Ether,"$1,892.48","2,299",$408K,"1,472",-0.15%,0.15%,0.15%,1.03%,$8.3M,$582.6M,2023-07-12 16:35:00.353352
SEG,USDT,Shoe Elimination Game,$0.9971,"2,297",$561K,"1,115",0.07%,4.00%,1.74%,1.23%,$163K,$295.6M,2023-07-12 16:35:00.354599
WETH,USDT,Wrapped Ether,"$1,896.21","2,280",$4.2M,"1,242",-0.02%,0.33%,0.35%,1.08%,$59.1M,$6.47B,2023-07-12 16:35:00.355927
ETH,WFTM,Ethereum,$654.03,"2,276",$1.0M,967,-3.12%,-1.52%,-21.49%,-13.47%,$2.6M,$17.8M,2023-07-12 16:35:00.357181
WETH,USDT,Wrapped Ether,"$1,895.58","2,273",$674K,"1,611",0.06%,0.11%,0.37%,1.30%,$1.1M,$121.2M,2023-07-12 16:35:00.358405
APT,MOD,Aptos Coin,$7.06,"2,249",$42K,936,-0.02%,0.15%,0.55%,0.81%,$1.0M,-,2023-07-12 16:35:00.359648
WBTC,WETH,Wrapped BTC,"$31,304.46","2,230",$195K,"1,743",0%,0.26%,1.22%,1.76%,$1.7M,$2.2M,2023-07-12 16:35:00.360881
$BOLT,WPLS,BOLT,$0.07757,"2,224",$140K,401,-3.01%,-11.13%,26.23%,568%,$18K,$77K,2023-07-12 16:35:00.362111
GETH,WETH,Goerli ETH,$0.1267,"2,218",$3.3K,"2,002",0.05%,0.32%,0.19%,1.54%,$26K,$26K,2023-07-12 16:35:00.363335
PVC,BUSD,PVC META,$13.72,"2,214",$289K,"1,822",0%,0%,-0.01%,23.96%,$25.4M,$20.58B,2023-07-12 16:35:00.364560
BTC.b,WETH,Bitcoin,"$30,676.17","2,204",$484K,"1,717",-0.30%,-0.07%,-0.35%,0.49%,$619K,$855K,2023-07-12 16:35:00.365792
DEDE2.0,WETH,Dede 2.0,$0.0004257,"2,187",$676K,792,-4.37%,1.06%,-79.95%,"1,409%",$17K,$29K,2023-07-12 16:35:00.367014
888,WBNB,888,$0.3304,"2,187",$141K,727,2.96%,27.01%,-17.25%,178%,$17K,$29K,2023-07-12 16:35:00.368249
USDT,BUSD,Tether USD,$0.9986,"2,182",$276K,"1,511",-0.01%,0%,-0.17%,-0.10%,$13.9M,$3.37B,2023-07-12 16:35:00.369483
OP,WETH,Optimism,$1.25,"2,174",$81K,"1,374",0.03%,-0.18%,1.49%,3.22%,$347K,$5.37B,2023-07-12 16:35:00.370701
BUSD,WETH,Binance USD,$0.9972,"2,172",$56K,"1,596",-0.05%,-0.05%,-0.40%,-0.24%,$127K,$3.2M,2023-07-12 16:35:00.371984
WETH,DAI,WETH,"$1,895.53","2,172",$13K,"1,388",-0.04%,0.50%,0.02%,1.12%,$183K,$5.7M,2023-07-12 16:35:00.373271
HNT,USDC,Helium Network Token,$1.46,"2,156",$81K,332,0.03%,-1.37%,0.88%,9.02%,$34K,$222.1M,2023-07-12 16:35:00.374420
PEPE2.0,WETH,Pepe 2.0,$0.078879,"2,144",$3.0M,"1,229",2.65%,-1.45%,2.78%,-7.49%,$1.6M,$37.3M,2023-07-12 16:35:00.375539
RAY,SOL,Raydium,$0.2002,"2,141",$157K,181,-0.48%,-1.27%,0.91%,2.26%,$2.0M,$111.1M,2023-07-12 16:35:00.376652
ePepe,WETH,Ether Pepe Inu,$0.053054,"2,140",$1.0M,703,3.11%,14.21%,7.94%,"4,286%",$91K,$305K,2023-07-12 16:35:00.377766
USD+,USDC,USD+,$1.00,"2,121",$4.5M,"1,022",0%,0%,0.02%,0.01%,$1.6M,$3.3M,2023-07-12 16:35:00.378876
WMOVR,USDC,Wrapped MOVR,$8.69,"2,115",$245K,249,0.20%,-0.79%,-9.41%,-12.98%,$1.1M,$3.3M,2023-07-12 16:35:00.379985
WETH,USDC,WETH,"$1,897.86","2,104",$56K,991,0%,0.56%,0.23%,1.25%,$476K,$5.7M,2023-07-12 16:35:00.381093
WETH,USDC,Wrapped Ether,"$1,874.89","2,098",$113K,"1,716",-0.62%,-0.35%,0.09%,-1.16%,$53K,$41.3M,2023-07-12 16:35:00.382288
USDC,USDC,USD Coin,$1.00,"2,092",$4.7M,"1,422",0%,0%,0%,0%,$3.9M,$148.0M,2023-07-12 16:35:00.383702
DBX,WETH,Degen Brain Exchange,$0.07131,"2,042",$38K,79,0%,0.57%,-3.00%,-13.25%,$321K,$508K,2023-07-12 16:35:00.385011
EQUAL,WFTM,Equalizer,$1.75,"2,039",$35K,266,0.35%,0.31%,3.11%,-2.84%,$687K,$7.2M,2023-07-12 16:35:00.386307
ARB,WETH,Arbitrum,$1.14,"2,035",$29K,876,0.20%,0.62%,-0.03%,0%,$161K,$263K,2023-07-12 16:35:00.387583
MIM,WFTM,Magic Internet Money,$0.9907,"2,034",$312K,"1,238",0.09%,-0.30%,-0.97%,-0.44%,$1.2M,$3.7M,2023-07-12 16:35:00.388868
LQDR,USDC,Liquid Driver,$1.22,"2,029",$1.3K,27,0%,0.04%,3.94%,25.75%,$9.6K,$112K,2023-07-12 16:35:00.390147
JEWEL,WKLAY,JEWEL,$0.1483,"2,028",$6.9K,"1,495",-0.01%,0.36%,0.11%,1.20%,$426K,$3.5M,2023-07-12 16:35:00.391421
WMATIC,USDT,Wrapped Matic,$0.7397,"2,026",$888K,527,-0.01%,-0.24%,0.71%,-0.05%,$1.0M,$103.0M,2023-07-12 16:35:00.392707
USDC,ARB,USD Coin,$1.00,"2,007",$2.7M,241,0.02%,0.12%,-0.03%,0.19%,$1.4M,$148.1M,2023-07-12 16:35:00.393934
$WHALE,WETH,KILLER WHALE,$0.00001628,"1,996",$590K,635,0%,5.44%,-62.66%,503%,$10K,$16K,2023-07-12 16:35:00.395153
TAROT,USDC,Tarot,$0.1499,"1,988",$7.0K,14,0%,-0.34%,0.08%,46.21%,$58K,$252K,2023-07-12 16:35:00.396365
WETH,DAI,WETH,"$1,899.77","1,983",$20K,"1,201",0.10%,0.26%,0.38%,0.96%,$109K,$5.7M,2023-07-12 16:35:00.397591
VOLT3.0,WETH,VOLT 3.0,$0.091929,"1,974",$710K,510,0%,7.87%,23.75%,"3,082%",$25K,$81K,2023-07-12 16:35:00.398803
BEBE,WETH,Bebe,$0.00006253,"1,971",$1.5M,646,-0.93%,42.65%,-56.56%,225%,$30K,$26K,2023-07-12 16:35:00.400020
PLAY,BUSD,PLAY,$0.07440,"1,964",$615K,"1,210",-0.22%,0.34%,-1.01%,-2.50%,$601K,$42.5M,2023-07-12 16:35:00.401234
RACA2.0,WBNB,Radio Caca 2.0,$0.077246,"1,961",$37K,143,6.69%,25.44%,188%,"6,413%",$12K,$72K,2023-07-12 16:35:00.402452
USDC,WETH,USD Coin,0.0005273 WETH,"1,959",-,18,-0.07%,-0.15%,-0.39%,-1.38%,-,-,2023-07-12 16:35:00.403665
STG,WETH,StargateToken,$0.6385,"1,949",$38K,802,-0.59%,-0.86%,-3.58%,-1.89%,$39K,$19.6M,2023-07-12 16:35:00.404877
SRM,RAY,Serum,$0.1100,"1,945",$28K,67,-0.03%,-0.16%,-0.44%,0.92%,$165K,$1.090B,2023-07-12 16:35:00.406089
USDC,DAI,USD Coin,$1.00,"1,944",$507K,"1,652",0%,0%,-0.01%,-0.01%,$762K,$345.4M,2023-07-12 16:35:00.407301
OP,WETH,Optimism,$1.25,"1,942",$112K,"1,192",0.02%,-0.28%,1.31%,3.25%,$92K,$5.37B,2023-07-12 16:35:00.408517
CACOM,WBNB,CACOM,$1.17,"1,920",$63K,6,0.18%,1.39%,-1.11%,-0.72%,$37K,$117.3M,2023-07-12 16:35:00.409731
SCRT,OSMO,Secret Network,$0.3976,"1,918",$310K,216,-0.11%,-0.58%,-1.49%,4.13%,$1.1M,$75.6M,2023-07-12 16:35:00.410942
BTCB,USDT,BTCB Token,"$30,663.83","1,913",$7.5M,543,-0.04%,-0.34%,-0.12%,0.38%,$9.6M,$1.85B,2023-07-12 16:35:00.412154
WETH,USDT,Wrapped Ether,"$1,895.78","1,906",$46K,"1,549",0.14%,0.12%,0.37%,1.39%,$17K,$583.7M,2023-07-12 16:35:00.413374
WBNB,USDC,Wrapped BNB,$246.35,"1,883",$73K,"1,645",0.10%,-0.28%,-0.71%,-0.11%,$46K,$564.3M,2023-07-12 16:35:00.414602
WBTC,WPLS,Wrapped BTC,$65.96,"1,872",$230K,519,0%,0.87%,5.26%,3.86%,$339K,$10.1M,2023-07-12 16:35:00.415816
ZT,WCORE,ZT,$2.92,"1,865",$7.5K,126,0.02%,-25.93%,-16.02%,-26.85%,$4.9K,$11K,2023-07-12 16:35:00.417028
Cake,WBNB,PancakeSwap Token,$1.48,"1,860",$483K,"1,325",0.03%,-0.43%,-0.77%,-1.40%,$93K,$578.0M,2023-07-12 16:35:00.418243
WOKT,USDT,Wrapped OKT,$15.26,"1,859",$39K,"1,031",-0.06%,-0.53%,-0.06%,0.35%,$595K,$4.6M,2023-07-12 16:35:00.419471
FOX2.0,WBNB,Fox Finance 2.0,$0.00002276,"1,848",$161K,368,3.81%,23.33%,-26.85%,268%,$9.8K,$9.8K,2023-07-12 16:35:00.420684
INC,WPLS,Incentive,$6.85,"1,843",$1.1M,"1,185",-0.13%,0.81%,5.01%,5.72%,$24.5M,$35.1M,2023-07-12 16:35:00.421910
BTC.b,USDC,Bitcoin,"$30,708.87","1,839",$60K,"1,064",-0.10%,-0.11%,0.20%,0.60%,$17K,$179.7M,2023-07-12 16:35:00.423131
USDH,USDC,USDH Hubble Stablecoin,$0.9971,"1,833",$107K,192,0%,-0.02%,0%,-0.02%,$2.0M,$3.2M,2023-07-12 16:35:00.424348
LFG,WBNB,LFG 2.0,$0.0116766,"1,813",$95K,360,-14.30%,-31.86%,-6.17%,"1,991%",$2.9K,$6.7K,2023-07-12 16:35:02.283720
PEPA 2.0,WBNB,Pepa Inu 2.0,$0.0126760,"1,800",$206K,966,-14.86%,-44.18%,272%,272%,$40K,$118K,2023-07-12 16:35:02.285775
BKC,USDT,Metabank coin,$0.083749,"1,794",$294K,734,0.27%,1.56%,9.63%,105%,$405K,$487K,2023-07-12 16:35:02.287811
HI,BUSD,hi Dollar,$0.002421,"1,781",$33K,236,-0.06%,0.11%,-0.55%,-2.98%,$224K,$11.7M,2023-07-12 16:35:02.289744
BTC,WFTM,Bitcoin,"$9,745.52","1,781",$784K,843,-1.90%,-1.33%,-28.35%,-19.05%,$776K,$12.0M,2023-07-12 16:35:02.291534
STG,USDC,StargateToken,$0.6397,"1,774",$121K,742,0%,-0.45%,-2.22%,-1.36%,$1.6M,$15.6M,2023-07-12 16:35:02.293320
Maru,WETH,Maru Coin,$0.00004098,"1,762",$523K,606,0%,-18.33%,-1.06%,734%,$11K,$17K,2023-07-12 16:35:02.295109
Shib2.0,WETH,Shib2.0,$0.071429,"1,755",$1.6M,567,2.27%,-3.57%,-6.88%,34.79%,$1.0M,$6.0M,2023-07-12 16:35:02.296895
WETH,USDC,WETH,"$1,899.15","1,753",$95K,504,0.03%,0.56%,0.35%,1.21%,$19K,$5.7M,2023-07-12 16:35:02.298510
WETH,USDC,Wrapped Ether,"$1,892.74","1,737",$91K,"1,228",0%,0.21%,0.42%,1.13%,$1.5M,$41.7M,2023-07-12 16:35:02.300113
ARB,WETH,Arbitrum,$1.14,"1,732",$11K,911,0%,0.43%,0.03%,0.03%,$99K,$262K,2023-07-12 16:35:02.301728
WAVAX,USDC,Wrapped AVAX,$13.18,"1,731",$147K,"1,278",0%,-0.53%,-0.12%,-1.56%,$4.8M,$77.3M,2023-07-12 16:35:02.303329
Pitbull2.0,WBNB,Pitbull2.0,$0.075758,"1,724",$156K,120,0.48%,23.97%,53.63%,"1,280%",$18K,$43K,2023-07-12 16:35:02.304941
PEPE6.9,WETH,Pepe 6.9,$2.30,"1,722",$722K,712,-16.29%,-32.49%,14.75%,"4,491%",$45K,$159K,2023-07-12 16:35:02.306387
PEDO2.0,WBNB,PEPE DOGE 2.0,$0.052443,"1,708",$109K,365,0%,-0.13%,-7.29%,-91.01%,$1.8K,$968,2023-07-12 16:35:02.307842
MUTE,WETH,Mute.io,$0.3998,"1,706",$94K,"1,033",-0.02%,0.52%,0.72%,3.95%,$1.5M,$7.1M,2023-07-12 16:35:02.309287
WCORE,USDT,Wrapped CORE,$0.9159,"1,700",$10K,"1,371",0.22%,0.59%,-0.05%,1.00%,$195K,$332K,2023-07-12 16:35:02.310730
QUICK,WMATIC,Quickswap,$73.35,"1,699",$240K,422,0.01%,-0.02%,-1.28%,-4.45%,$486K,$48.1M,2023-07-12 16:35:02.312175
Dede2,WBNB,Dede 2.0,$0.01126,"1,689",$57K,524,8.83%,-23.30%,-64.01%,"4,241%",$3.3K,$11K,2023-07-12 16:35:02.313619
AAVE,WPLS,Aave Token,$0.09608,"1,687",$81K,415,-0.61%,-5.06%,2.88%,-1.98%,$16K,$1.5M,2023-07-12 16:35:02.315016
USDC,USDT,USD Coin,$1.00,"1,673",$73K,634,0%,-0.02%,-0.09%,0.02%,$5.0M,$20.7M,2023-07-12 16:35:02.316336
BTC.b,WAVAX,Bitcoin,"$30,694.16","1,671",$23K,"1,530",0.05%,-0.15%,-0.04%,0.43%,$699K,$180.7M,2023-07-12 16:35:02.317658
WBNB,USDC,Wrapped BNB,$246.61,"1,663",$124K,"1,384",-0.07%,0.05%,-0.59%,0.31%,$228K,$564.9M,2023-07-12 16:35:02.318980
WAVAX,USDC,Wrapped AVAX,$13.14,"1,655",$5.8M,"1,019",-0.20%,-0.80%,-0.40%,-1.59%,$2.7M,$77.1M,2023-07-12 16:35:02.320303
WBNB,USDT,Wrapped BNB,$246.74,"1,649",$503K,"1,231",0.15%,-0.15%,-0.60%,0%,$359K,$565.7M,2023-07-12 16:35:02.321625
Ape 2.0,WBNB,Ape 2.0,$0.0106539,"1,640",$114K,771,-0.14%,-1.78%,-13.76%,-78.19%,$30K,$14K,2023-07-12 16:35:02.322965
BUSD,USDC,Binance USD,$0.9988,"1,640",$508K,816,0%,-0.08%,0%,-0.09%,$551K,$3.2M,2023-07-12 16:35:02.324285
BUSD,USDC,Binance USD,$0.9991,"1,637",$983K,909,0.01%,0.01%,-0.02%,0.03%,$463K,$3.2M,2023-07-12 16:35:02.325603
NITRO,WMATIC,Nitro (PoS),$0.002587,"1,635",$55K,43,0%,0%,-0.44%,-0.70%,$156K,$2.3M,2023-07-12 16:35:02.326886
zkUSD,USDC,zkUSD Dollar,$0.7782,"1,631",$924K,902,0%,0.07%,-5.86%,-2.72%,$916K,$2.5M,2023-07-12 16:35:02.328108
RPEPE,WBNB,Ronin Pepe,$0.0111855,"1,617",$33K,477,0%,-9.07%,-13.69%,260%,$1.0K,$540,2023-07-12 16:35:02.329330
WMATIC,USDT,Wrapped Matic,$0.7404,"1,613",$36K,"1,104",0%,-0.25%,0.58%,-0.03%,$679K,$103.1M,2023-07-12 16:35:02.330555
WETH,USDC,Wrapped Ether,"$1,892.12","1,603",$32K,"1,229",0%,-0.32%,0.80%,3.29%,$13K,$41.7M,2023-07-12 16:35:02.331770
WCORE,USDT,Wrapped CORE,$1.04,"1,598",$2.3K,787,-6.20%,14.59%,2.73%,16.33%,$82,$2.1M,2023-07-12 16:35:02.333010
agEUR,USDT,agEUR,$1.10,"1,584",$727K,"1,240",0.01%,0.36%,0.68%,0.65%,$596K,$431K,2023-07-12 16:35:02.334228
USDT,USDC,Tether USD,$1.00,"1,583",$226K,447,0%,0.03%,0.19%,0.12%,$24K,$3.2M,2023-07-12 16:35:02.335491
1USDC,WONE,USD Coin,$0.07149,"1,578",$4.4K,127,0.19%,0.29%,0.42%,2.40%,$25K,$2.4M,2023-07-12 16:35:02.336683
WOID,WBNB,WORLD ID,$0.051728,"1,574",$117K,537,-0.45%,-1.75%,-3.60%,-0.80%,$117K,$1.5M,2023-07-12 16:35:02.337853
XPLR,DEBT,Explore,$0.002020,"1,567",$28K,67,0.05%,-1.26%,-1.35%,-9.19%,$153K,$2.82B,2023-07-12 16:35:02.339034
8882.0,USDT,8882.0,$33.08,"1,564",$182K,580,-1.00%,4.21%,2.15%,-31.23%,$120K,$294K,2023-07-12 16:35:02.340202
AIR,WBNB,AIR,$0.074956,"1,538",$535K,460,-0.07%,3.22%,3.71%,24.45%,$817K,$21.9M,2023-07-12 16:35:02.341367
WTY,BUSD,Witty,$13.53,"1,528",$675K,445,-4.47%,-14.05%,-21.02%,-55.30%,$19K,$270.6M,2023-07-12 16:35:02.342533
CHEEL,USDT,CHEELEE,$16.27,"1,526",$221K,300,-0.21%,-0.94%,0.55%,2.25%,$516K,$16.27B,2023-07-12 16:35:02.343705
WPEPE,WBNB,WPEPE,$0.0105287,"1,517",$96K,387,0.80%,-16.15%,-14.30%,-20.86%,$17K,$22K,2023-07-12 16:35:02.344849
AXL,WBNB,AXL INU,$0.069523,"1,515",$109K,350,0.42%,-4.20%,-7.33%,8.72%,$25K,$89K,2023-07-12 16:35:02.345980
APT,USDT,Aptos Coin,$7.05,"1,498",$2.1K,489,0.88%,-0.33%,-0.28%,0.62%,$1.5K,-,2023-07-12 16:35:02.347106
Chirp,WPLS,Chirp.Finance,$0.2937,"1,492",$352K,430,-0.45%,2.13%,29.37%,6.78%,$210K,$376K,2023-07-12 16:35:02.348238
STKK,USDT,Streakk,$1.05,"1,482",$294K,439,2.28%,5.14%,-35.31%,-44.77%,$230K,$9.6M,2023-07-12 16:35:02.349362
ZGM,USDT,zhong guo meng,$4.10,"1,479",$129K,522,1.78%,-11.40%,-14.76%,-17.72%,$112K,$218K,2023-07-12 16:35:02.350504
SOL,USDT,Wrapped SOL,$22.59,"1,476",$10K,173,0.19%,-0.07%,2.69%,2.83%,$8.5K,-,2023-07-12 16:35:02.351623
SOLANA 2.0,WETH,SOLANA 2.0,$0.0002224,"1,460",$519K,435,0%,-56.06%,-39.00%,749%,$12K,$22K,2023-07-12 16:35:02.352724
BSCBURN,WBNB,BSCBURN,$0.092653,"1,457",$125K,558,-1.45%,-4.42%,-26.64%,60.93%,$20K,$61K,2023-07-12 16:35:02.353822
BTCB,BUSD,BTCB Token,"$30,663.98","1,441",$7.0M,296,-0.04%,-0.34%,-0.13%,0.38%,$9.3M,$1.85B,2023-07-12 16:35:02.354919
WETH,USDC,Wrapped Ether,"$1,890.14","1,437",$118K,862,0.01%,0.29%,0.52%,1.17%,$125K,$41.7M,2023-07-12 16:35:02.356015
SOL,USDC,Wrapped SOL,$22.59,"1,433",$100K,177,0.33%,-0.06%,2.72%,2.89%,$68K,-,2023-07-12 16:35:02.357113
WETH,WPLS,Wrapped Ether from Ethereum,"$1,880.00","1,432",$1.9M,661,-0.07%,-1.01%,-0.31%,1.25%,$25.1M,$19.1M,2023-07-12 16:35:02.358216
USDC,USDT,USD Coin,$0.9994,"1,429",$41K,700,0%,-0.20%,0%,-0.20%,$663K,$20.6M,2023-07-12 16:35:02.359337
USDC,WFTM,USD Coin,$0.4194,"1,427",$201K,381,-0.76%,-5.86%,-28.33%,-25.91%,$244K,$76.2M,2023-07-12 16:35:02.360433
AREA,WBNB,AREON,$0.1711,"1,421",$754K,227,0%,-1.72%,-4.32%,-10.09%,$546K,$85.5M,2023-07-12 16:35:02.361531
SNPS,BUSD,SNPS Token,$0.009565,"1,409",$111K,467,0.98%,-0.29%,-0.29%,-1.13%,$16K,$1.0M,2023-07-12 16:35:02.362629
TONI,WPLS,Daytona.Finance,$0.2004,"1,406",$212K,454,-0.36%,0.50%,11.91%,15.52%,$404K,$5.9M,2023-07-12 16:35:02.363727
FINE 2.0,WBNB,THIS IS FINE 2.0,$0.0117680,"1,400",$57K,327,0%,-11.11%,-40.84%,-69.59%,$3.6K,$7.6K,2023-07-12 16:35:02.364825
MBANK,USDT,MetaBank,$0.00007143,"1,395",$20K,755,0.02%,0.79%,2.74%,5.13%,$419K,$2.2M,2023-07-12 16:35:02.365919
SGO,WBNB,SGO,$0.002625,"1,382",$191K,63,2.53%,22.03%,206%,"20,294%",$142K,$2.5M,2023-07-12 16:35:02.367016
MHAPPY,USDT,MHAPPY,$0.02997,"1,381",$14K,681,0%,0%,-0.01%,-0.01%,$17K,$29.97B,2023-07-12 16:35:02.368118
MIM,BUSD,Magic Internet Money,$1.00,"1,365",$3.0K,"1,222",0.55%,0.74%,-0.46%,0.50%,$888,$2.2M,2023-07-12 16:35:02.369214
VC,WETH,Velocore,$0.02680,"1,365",$92K,926,-0.14%,0.38%,0.18%,0.62%,$1.3M,$2.1M,2023-07-12 16:35:02.370312
BEV,DEBT,Beverage,$0.1650,"1,364",$51K,111,0.17%,-2.53%,-1.70%,0.69%,$107K,$1.39B,2023-07-12 16:35:02.371409
PEPE2.0,USDC,Pepe2.0,$0.093911,"1,361",$75K,250,0%,8.78%,45.55%,329%,$26K,$164K,2023-07-12 16:35:02.372515
ALUM,DEBT,Aluminum,$0.002777,"1,354",$26K,42,0.02%,-0.59%,1.53%,-7.79%,$173K,$3.090B,2023-07-12 16:35:02.373625
MARE,USDC,Mare Finance,$0.06662,"1,354",$14K,51,-0.07%,0.26%,0.90%,9.87%,$524K,$6.6M,2023-07-12 16:35:02.374725
VPC,USDT,Vip Panda Community,$1.23,"1,345",$221K,731,-0.01%,-6.03%,-8.48%,95.38%,$184K,$25.8M,2023-07-12 16:35:02.375823
USDT,USDC,Tether USD,$1.00,"1,342",$2.0M,"1,114",0%,0%,0%,0%,$8.3M,$3.38B,2023-07-12 16:35:02.376921
mSOL,stSOL,Marinade staked SOL (mSOL),$25.26,"1,331",$180K,71,-0.05%,-0.36%,2.08%,2.90%,$160K,$142.5M,2023-07-12 16:35:02.378025
DAI,USDC,Dai Stablecoin,$0.3113,"1,326",$442K,516,-4.57%,-3.42%,-29.52%,-21.42%,$205K,$10.9M,2023-07-12 16:35:02.379121
$WALLIE,WBNB,Wallie The Whale,$0.064334,"1,322",$31K,333,-15.19%,-38.74%,-72.16%,521%,$2.6K,$3.1K,2023-07-12 16:35:02.380216
BTC.b,APT,Bitcoin,"$35,740.58","1,320",$57,124,0.90%,6.02%,-17.45%,68.50%,$18,$133K,2023-07-12 16:35:02.381309
WETH,APT,Wrapped Ether,"$1,890.51","1,305",$233,239,0.03%,0.16%,1.62%,0.54%,$637,$5.2M,2023-07-12 16:35:02.382418
PLA,WETH,PlayDapp Token (PoS),$0.1802,"1,302",$313K,190,0.34%,-0.40%,1.71%,11.72%,$178K,$2.5M,2023-07-12 16:35:02.383516
USDC,USDT,USD Coin,$0.9998,"1,302",$722K,125,0%,0%,0%,-0.02%,$745K,$5.030B,2023-07-12 16:35:02.384613
WETH,USDC,Wrapped Ether,"$1,896.03","1,300",$24K,951,-0.03%,0.19%,0.38%,1.29%,$293K,$121.2M,2023-07-12 16:35:02.385709
NATG,DEBT,NaturalGas,$0.0001825,"1,294",$55K,106,-0.02%,-0.52%,-3.82%,-1.23%,$198K,$821.3M,2023-07-12 16:35:02.386808
WGLMR,USDC,Wrapped GLMR,$0.2988,"1,292",$24K,127,0%,0.09%,0.12%,17.14%,$42K,$4.4M,2023-07-12 16:35:02.387907
$NYAN,WETH,Nyan Cat,$0.00003790,"1,291",$341K,455,0%,-69.25%,56.49%,56.49%,$5.0K,$3.7K,2023-07-12 16:35:02.389011
AKT,OSMO,Akash Network,$0.5390,"1,289",$264K,187,0.05%,-1.25%,-2.09%,-7.35%,$1.9M,$209.4M,2023-07-12 16:35:02.390108
SPACE,USDC,SPACE,$0.1429,"1,282",$115K,"1,050",0%,-0.23%,-0.08%,-0.65%,$259K,$2.5M,2023-07-12 16:35:02.391216
INJ,OSMO,Injective,$8.20,"1,282",$105K,169,0.01%,-0.95%,1.44%,0.18%,$1.0M,$820.6M,2023-07-12 16:35:02.392366
LIF3,TOMB,LIF3,$0.01779,"1,278",$34K,21,-3.33%,4.42%,24.04%,27.41%,$991K,$807K,2023-07-12 16:35:02.393462
Babyshib2.0,WBNB,Babyshib 2.0,$0.00001516,"1,277",$207K,305,-1.80%,11.16%,508%,508%,$122K,$151K,2023-07-12 16:35:02.394560
WCANTO,NOTE,wCanto,$0.1316,"1,275",$911K,87,0.07%,1.43%,1.36%,3.88%,$8.6M,$12.1M,2023-07-12 16:35:02.395656
WAVAX,USDC,Wrapped AVAX,$13.17,"1,263",$25K,968,-0.20%,-0.60%,-0.20%,-1.59%,$187K,$77.3M,2023-07-12 16:35:02.396755
USDC,WFTM,USD Coin,$0.4199,"1,259",$268K,671,-5.71%,-6.40%,-28.45%,-25.65%,$383K,$76.3M,2023-07-12 16:35:02.397853
LENDA,WBNB,Lenda,$0.0004962,"1,257",$11K,690,-0.02%,0.11%,-0.51%,-0.51%,$182K,$725K,2023-07-12 16:35:02.398949
WETH,APT,Wrapped Ether,"$1,885.88","1,257",$28K,718,0%,0.12%,0.44%,1.08%,$85K,$5.2M,2023-07-12 16:35:02.400046
Pi,USDT,Pi,$12.35,"1,252",$333K,523,0.18%,2.18%,8.67%,31.49%,$306K,$443K,2023-07-12 16:35:02.401144
vAAVE,vUSD,vAAVE,$75.95,"1,251",$1.9M,18,0.14%,-0.18%,-0.23%,3.36%,$523K,-,2023-07-12 16:35:02.402242
WETH,USDC,Wrapped Ether,"$1,895.09","1,248",$2.3M,423,0.04%,0.07%,0.33%,1.27%,$4.8M,$409.6M,2023-07-12 16:35:02.403338
SPHYNX,WLOOP,Sphynx Labs,$0.001099,"1,245",$8.4K,102,0%,0.14%,-1.48%,-5.16%,$102K,$4.3M,2023-07-12 16:35:02.404431
WETH,USDC,Wrapped Ether,"$1,893.72","1,242",$83K,506,0%,0.26%,0.50%,1.21%,$3.9M,$5.2M,2023-07-12 16:35:02.405525
WOKT,USDT,Wrapped OKT,$15.26,"1,241",$16K,813,0.09%,-0.54%,-0.03%,0.35%,$155K,$4.6M,2023-07-12 16:35:02.406622
NMC,WETH,Namecoin,$0.001725,"1,240",$744K,383,-5.71%,-14.52%,-81.24%,272%,$24K,$36K,2023-07-12 16:35:03.519272
JOE,WAVAX,JoeToken,$0.3468,"1,240",$448K,607,0.06%,-0.72%,-1.29%,-5.39%,$1.1M,$171.0M,2023-07-12 16:35:03.521402
DFKTEARS,WJEWEL,Gaia's Tears,$0.005447,"1,239",$2.1K,548,-0.14%,3.83%,-4.38%,4.46%,$6.0K,$80K,2023-07-12 16:35:03.523502
WPLS,PLSX,Wrapped Pulse,$0.0001096,"1,234",$280K,370,0.02%,0.10%,3.83%,5.27%,$4.7M,$854.1M,2023-07-12 16:35:03.525484
WAVAX,USDC,Wrapped AVAX,$13.22,"1,231",$7.4K,990,0.06%,-0.31%,0.04%,-1.38%,$24K,$77.5M,2023-07-12 16:35:03.527335
ETH,USDC,Ethereum Token,"$1,895.15","1,230",$3.6M,465,0.03%,0.08%,0.35%,1.27%,$3.1M,$1.14B,2023-07-12 16:35:03.529191
LUSD,USDC,LUSD Stablecoin,$0.4821,"1,229",$349K,705,-0.73%,-3.58%,-10.08%,-25.00%,$111K,$334K,2023-07-12 16:35:03.531043
QUICK,USDC,Quickswap,$73.31,"1,228",$127K,379,-0.17%,0.19%,-1.26%,-4.47%,$244K,$48.1M,2023-07-12 16:35:03.532834
WETH,USDC,Wrapped Ether,"$1,896.14","1,224",$3.9M,684,0%,0.15%,0.30%,1.36%,$3.6M,$583.8M,2023-07-12 16:35:03.534499
FRAX,WMOVR,Frax,$1.67,"1,220",$63K,145,0.28%,-0.90%,1.15%,-17.39%,$29K,$9.1M,2023-07-12 16:35:03.536161
WBTC,WETH,Wrapped BTC,"$31,117.55","1,218",$65K,"1,075",-0.04%,0.29%,0.33%,1.41%,$1.5M,$2.2M,2023-07-12 16:35:03.537795
WBTC,WETH,Wrapped BTC,"$30,687.79","1,217",$6.6M,581,0.04%,-0.23%,-0.08%,0.34%,$25.7M,$320.7M,2023-07-12 16:35:03.539493
RAY,USDT,Raydium,$0.2008,"1,212",$65K,76,0%,-1.03%,1.57%,2.74%,$685K,$111.4M,2023-07-12 16:35:03.541074
KUMA,WETH,KUMA,$0.093221,"1,209",$486K,463,0%,0%,-24.45%,92.38%,$27K,$18K,2023-07-12 16:35:03.542544
POP,WETH,Proof Of Pepe,$0.0002580,"1,207",$556K,437,0%,-22.83%,21.88%,-13.69%,$66K,$255K,2023-07-12 16:35:03.544009
ETH,WBNB,Ethereum Token,"$1,898.57","1,205",$751K,708,0%,0.44%,0.54%,1.32%,$955K,$1.14B,2023-07-12 16:35:03.545491
WAVAX,USDt,Wrapped AVAX,$13.20,"1,205",$39K,906,0.07%,-0.47%,0.09%,-1.36%,$159K,$77.4M,2023-07-12 16:35:03.547011
WETH,USDT,Wrapped Ether,"$1,889.63","1,203",$174K,665,0.03%,0.41%,0.34%,1.34%,$13K,$9.1M,2023-07-12 16:35:03.548515
SWP,USDT,S-Wallet Protocol,$0.1064,"1,195",$8.1K,236,3.84%,-1.77%,-1.91%,26.18%,$380,$5.3M,2023-07-12 16:35:03.550037
WETH,DAI,WETH,"$1,892.68","1,195",$9.8K,727,-0.01%,0.37%,-0.12%,0.85%,$39K,$5.7M,2023-07-12 16:35:03.551412
WAVAX,USDt,Wrapped AVAX,$13.19,"1,189",$630K,911,0%,-0.40%,0%,-1.19%,$2.3M,$77.5M,2023-07-12 16:35:03.552746
VVS,WCRO,VVSToken,$0.052672,"1,188",$130K,645,0.04%,-0.09%,0.36%,1.53%,$67.7M,$196.1M,2023-07-12 16:35:03.554081
HNT,SOL,Helium Network Token,$1.45,"1,181",$210K,416,-0.66%,-1.71%,0.38%,9.28%,$179K,$220.4M,2023-07-12 16:35:03.555451
BABY FLOKI2.0,WBNB,Baby Floki2.0,$0.085021,"1,179",$64K,280,2.54%,-82.00%,-80.26%,-80.26%,$5.2K,$3.8K,2023-07-12 16:35:03.556833
NOVA,WETH,Nova Token,$0.071535,"1,178",$1.0M,699,0%,4.56%,-8.88%,25.48%,$943K,$15.3M,2023-07-12 16:35:03.558207
WBRISE,USDTi,Wrapped BRISE,$0.062700,"1,176",$7.0K,320,0.01%,1.29%,6.38%,7.48%,$5.9K,$1.4M,2023-07-12 16:35:03.559578
IRIS,OSMO,IRISnet,$0.02192,"1,174",$77K,35,0.01%,-0.09%,-1.21%,-1.82%,$186K,$43.7M,2023-07-12 16:35:03.560909
WETH,USDC,Wrapped Ether,"$1,894.98","1,172",$1.8M,453,0.04%,0.08%,0.35%,1.25%,$1.6M,$583.4M,2023-07-12 16:35:03.562234
PUGAI,SOL,PUGAI,$0.096696,"1,163",$1.3K,68,0%,1.05%,-0.70%,-6.06%,$3.1K,$66K,2023-07-12 16:35:03.563499
DRIP,DEBT,Drip,$0.4137,"1,160",$48K,76,0.02%,0.80%,7.13%,-1.56%,$159K,$411.7M,2023-07-12 16:35:03.564732
KIN,USDC,KIN,$0.057302,"1,158",$10K,61,0%,1.13%,1.48%,3.90%,$20K,$73.0M,2023-07-12 16:35:03.565961
ZAX,WBNB,ZILLION AAKAR XO,$0.3256,"1,152",$362K,806,-0.10%,-0.97%,1.73%,-5.32%,$523K,$6.8M,2023-07-12 16:35:03.567190
USDEX+,USDC,USDEX+,$0.9999,"1,152",$46K,25,0%,0%,-0.07%,-0.19%,$115K,$246K,2023-07-12 16:35:03.568417
SESE,WETH,SESE,$0.055268,"1,142",$207K,430,0%,0.21%,-81.78%,127%,$6.0K,$5.2K,2023-07-12 16:35:03.569685
DEDE,WBNB,DEDE,$0.00008073,"1,138",$12K,278,1.55%,71.29%,"1,647%","1,647%",$2.1K,$5.6K,2023-07-12 16:35:03.570952
DMT,USDC,DMT,$33.20,"1,138",$2.8M,530,0.01%,-0.05%,-2.33%,51.37%,$3.2M,$33.1M,2023-07-12 16:35:03.572188
WETH,USDC,Wrapped Ether,"$1,890.83","1,136",$68K,803,0.08%,0.16%,0.39%,1.09%,$394K,$41.7M,2023-07-12 16:35:03.573419
WETH,USDC,Wrapped Ether,"$1,895.18","1,133",$2.8M,454,0.07%,0.09%,0.36%,1.24%,$2.5M,$583.5M,2023-07-12 16:35:03.574597
USDC,WFTM,USD Coin,$1.00,"1,133",$387K,421,0.06%,-0.03%,0.70%,0.04%,$1.5M,$2.9M,2023-07-12 16:35:03.575772
WMATIC,DAI,Wrapped Matic,$0.7423,"1,128",$9.0K,939,0.02%,-0.10%,1.35%,-0.02%,$22K,$103.3M,2023-07-12 16:35:03.576984
GARFIELD,WETH,Garfield,$0.00006810,"1,123",$334K,477,0%,-75.07%,157%,157%,$6.5K,$6.8K,2023-07-12 16:35:03.578196
DCM,DEBT,DataCenterMining,$0.4319,"1,123",$48K,58,0.14%,0.76%,0.22%,-1.02%,$169K,$433.5M,2023-07-12 16:35:03.579408
agEUR,USDT,agEUR,$1.10,"1,123",$5.9K,"1,049",0%,0.37%,0.81%,0.69%,$66K,$398K,2023-07-12 16:35:03.580595
DOGJAK,WETH,Dogjak,$0.051051,"1,122",$424K,484,0.33%,-42.32%,-51.44%,-7.70%,$26K,$72K,2023-07-12 16:35:03.581734
MDick2.0,WBNB,MuskDick2.0,$0.0141443,"1,122",$249K,281,0%,0%,0%,-100%,$1,-,2023-07-12 16:35:03.582870
WETH,USDT,Wrapped Ether,"$1,889.41","1,105",$35K,829,0%,0.38%,0.48%,0.85%,$20K,$9.0M,2023-07-12 16:35:03.584003
TT-ETH,WTT,TT-ETH,"$1,885.55","1,101",$12K,15,0%,1.43%,1.05%,1.12%,$13K,$244K,2023-07-12 16:35:03.585172
PEPE,WETH,Pepe,$0.051545,"1,100",$5.6M,824,0.05%,0.12%,0.42%,2.05%,$6.3M,$650.1M,2023-07-12 16:35:03.586317
WAVAX,USDC,Wrapped AVAX,$13.18,"1,098",$108K,656,0.02%,-0.58%,-0.10%,-1.55%,$2.1M,$77.3M,2023-07-12 16:35:03.587455
WETH,USDC,Wrapped Ether,"$1,896.17","1,097",$1.0M,770,-0.01%,0.29%,0.49%,1.11%,$54.8M,$6.47B,2023-07-12 16:35:03.588592
ONE,WBNB,Harmony ONE,$0.01202,"1,097",$45K,831,0.01%,-1.00%,1.08%,0.92%,$72K,$612K,2023-07-12 16:35:03.589731
SHIB,WPLS,SHIBA INU,$0.063351,"1,095",$79K,333,0%,-1.14%,-0.60%,23.86%,$118K,$335.0M,2023-07-12 16:35:03.590868
WETH,USDC,Wrapped Ether,"$1,896.34","1,093",$41K,20,0%,0.98%,0.85%,1.41%,$107K,$583.8M,2023-07-12 16:35:03.592031
BSHIB2,WBNB,Baby Shiba Inu 2.0,$0.0125967,"1,091",$41K,343,-0.42%,-1.07%,-7.81%,130%,$778,$597,2023-07-12 16:35:03.593184
PEPE,WETH,Pepe,$0.051545,"1,090",$1.1M,781,0.19%,-0.06%,0.66%,2.53%,$10.7M,$650.3M,2023-07-12 16:35:03.594328
QUICK,WETH,Quickswap,$73.37,"1,089",$131K,247,-0.14%,0.01%,-1.12%,-4.33%,$281K,$48.1M,2023-07-12 16:35:03.595469
SRM,SOL,Serum,$0.1101,"1,086",$3.1K,67,0.02%,-0.32%,-0.31%,0.88%,$13K,$1.10B,2023-07-12 16:35:03.596632
USDH,USDT,USDH Hubble Stablecoin,$0.9972,"1,082",$89K,114,0%,0%,0%,-0.01%,$175K,$3.2M,2023-07-12 16:35:03.597770
XINA,WETH,John Xina,$0.8777,"1,078",$1.3M,613,-10.39%,"2,321%","2,321%","2,321%",$103K,$877K,2023-07-12 16:35:03.598909
ARCH,USDC,Archway,$0.1445,"1,078",$5.8K,30,-0.71%,-3.83%,-7.93%,-4.95%,$1.2K,-,2023-07-12 16:35:03.600061
Cake,USDT,PancakeSwap Token,$1.48,"1,076",$94K,563,0%,-0.08%,-0.77%,-1.45%,$2.0M,$578.7M,2023-07-12 16:35:03.601168
WAVAX,USDt,Wrapped AVAX,$13.17,"1,075",$63K,738,0%,-0.67%,-0.10%,-1.59%,$1.6M,$77.3M,2023-07-12 16:35:03.602271
WMATIC,USDT,Wrapped Matic,$0.7418,"1,073",$5.5K,873,0.03%,0.01%,0.77%,0%,$28K,$103.3M,2023-07-12 16:35:03.603406
STG,USDC,StargateToken,$0.6392,"1,073",$181K,735,0%,-0.53%,-2.30%,-1.47%,$1.8M,$11.7M,2023-07-12 16:35:03.604548
WETH,USDC,Wrapped Ether,"$1,895.40","1,072",$784K,142,0.06%,0.08%,0.34%,1.33%,$520K,$121.2M,2023-07-12 16:35:03.605653
H4TOKEN,WCORE,Hold Ignore Fud,$0.0008954,"1,072",$14K,300,0%,6.55%,18.77%,142%,$9.8K,$84K,2023-07-12 16:35:03.606788
Dodo,WETH,Dodo,$0.00002901,"1,066",$271K,393,0%,-0.18%,-4.06%,14.42%,$4.3K,$2.9K,2023-07-12 16:35:03.607930
MAT,USDT,Mohamed Assem Token,$0.0106185,"1,066",$354K,156,0%,0%,-99.12%,-92.99%,$13,$71,2023-07-12 16:35:03.609070
ð¸ðª,WETH,ð¸ðª,$0.0002918,"1,062",$672K,346,0%,3.29%,91.51%,325%,$30K,$291K,2023-07-12 16:35:03.610215
WTT,TT-USDC,Wrapped Thunder Token,$0.004135,"1,062",$10K,25,0%,0.25%,-0.92%,-10.28%,$26K,$522K,2023-07-12 16:35:03.611356
WBTC,USDT,Wrapped BTC,"$65,380.33","1,059",$76K,738,0%,0.20%,2.79%,2.71%,$150K,$4.7M,2023-07-12 16:35:03.612495
AXL,OSMO,Axelar,$0.3754,"1,059",$248K,255,-0.07%,0.06%,1.00%,2.86%,$1.5M,$403.7M,2023-07-12 16:35:03.613601
WCRO,USDC,Wrapped CRO,$0.05755,"1,054",$253K,523,0.07%,-0.04%,0.37%,2.17%,$6.8M,$52.9M,2023-07-12 16:35:03.614743
JUNO,OSMO,Juno,$0.2824,"1,050",$72K,392,0.04%,0.89%,0.17%,4.34%,$1.0M,$52.4M,2023-07-12 16:35:03.615882
CameraPrive,WBNB,Camera Prive,$0.0214772,"1,045",$105K,111,0%,0%,-100%,-100%,<$1,-,2023-07-12 16:35:03.616989
MMIT,WBNB,Mango Man Intelligent,$0.071144,"1,044",$245K,456,-0.03%,-1.59%,-4.99%,4.15%,$211K,$23.9M,2023-07-12 16:35:03.618094
VELO,USDC,Velodrome,$0.08312,"1,036",$139K,359,0.02%,-0.51%,2.72%,4.02%,$517K,$88.6M,2023-07-12 16:35:03.619196
BGLD,DEBT,BlackGold,$0.004430,"1,034",$22K,45,0.05%,1.30%,0.59%,0.57%,$189K,$2.030B,2023-07-12 16:35:03.620334
PEGPE,WETH,PEGGED PEPE,$0.089940,"1,032",$367K,354,0%,0%,-1.63%,103%,$5.7K,$4.1K,2023-07-12 16:35:03.621475
WBTC,WETH,Wrapped BTC,"$31,500.40","1,032",$2.0K,595,0%,0.34%,0.54%,-0.06%,$19K,$39K,2023-07-12 16:35:03.622610
ULX,BUSD,Ultron,$0.08873,"1,026",$422K,204,0.11%,0.05%,-0.99%,1.46%,$1.5M,$5.6M,2023-07-12 16:35:03.623750
zkUSD,USDT,zkUSD Dollar,$0.8343,"1,026",$221K,678,0%,-1.76%,9.14%,10.65%,$84K,$2.7M,2023-07-12 16:35:03.624893
Cake,WETH,PancakeSwap Token,$1.71,"1,025",$117,122,0%,6.73%,21.44%,3.44%,$1,$5.2M,2023-07-12 16:35:03.626045
USDT,USDC,Tether USD,$1.00,"1,024",$8.3K,328,0.03%,0.06%,0.09%,-0.15%,$443K,$2.1M,2023-07-12 16:35:03.627150
UNI,WETH,Uniswap,$0.007080,"1,023",$7,33,0%,0.41%,-0.51%,-0.09%,$441,$7.0M,2023-07-12 16:35:03.628290
ARBI,USDC,Arbipad,$0.0002228,"1,022",$31K,78,0%,9.94%,-27.69%,-29.47%,$72K,$2.2M,2023-07-12 16:35:03.629435
Babypepe2.0,WBNB,Babypepe 2.0,$0.0123483,"1,019",$147K,519,-10.89%,-9.73%,-9.73%,-9.73%,$87K,$133K,2023-07-12 16:35:03.630577
Candylad,WBNB,Candylad,$0.0162427,"1,019",$110K,637,0%,-6.44%,14.09%,92.72%,$57K,$985K,2023-07-12 16:35:03.631715
Cake,WBNB,PancakeSwap Token,$1.48,"1,018",$205K,704,0.02%,0.02%,-0.67%,-1.46%,$35.3M,$578.3M,2023-07-12 16:35:03.632856
WMATIC,USDC,Wrapped Matic,$0.7403,"1,015",$77K,781,0.04%,-0.15%,0.75%,0.08%,$175K,$103.0M,2023-07-12 16:35:03.633995
ARCSTAR,WBNB,Arcstar,$0.052884,"1,013",$136K,134,-0.27%,1.78%,4.57%,65.10%,$112K,$288K,2023-07-12 16:35:03.635136
Incorgnito,WBNB,Incorgnito,$0.091115,"1,008",$40K,307,0.31%,-12.38%,-27.08%,-17.19%,$12K,$43K,2023-07-12 16:35:03.636277
WPLS,USDT,Wrapped Pulse,$0.0001097,"1,008",$1.2M,454,-0.03%,0.41%,2.99%,4.75%,$15.9M,$854.6M,2023-07-12 16:35:03.637417
LOVELY,WBNB,Lovely Inu Finance,$0.062054,"1,004",$121K,434,0.05%,-0.18%,-3.25%,-0.55%,$180K,$10.2M,2023-07-12 16:35:03.638589
Oracle L2,WBNB,Oracle Layer2,$0.0153053,"1,004",$91K,118,0%,0%,0%,-100%,<$1,-,2023-07-12 16:35:03.639730
TURB2,WBNB,Turbo 2.0,$0.0152708,999,$219K,277,0%,0%,-100%,-100%,<$1,-,2023-07-12 16:35:03.640871
WBNB,USDT,Wrapped BNB,$246.66,999,$11K,918,0.04%,-0.19%,-0.70%,-0.15%,$115K,$565.0M,2023-07-12 16:35:03.642010
STG,WETH,StargateToken,$0.6410,999,$32K,827,-0.01%,-0.35%,-1.89%,-1.40%,$160K,$19.7M,2023-07-12 16:35:03.643149
GHST,USDC,Aavegotchi GHST Token (PoS),$0.9568,994,$374K,298,0.01%,0.16%,-0.67%,4.10%,$777K,$28.8M,2023-07-12 16:35:03.644259
BURN,WCORE,Burn,$0.0003096,992,$97K,380,-0.03%,-4.38%,-10.54%,-4.98%,$88K,$2.9M,2023-07-12 16:35:03.645364
vSOL,vUSD,vSOL,$22.55,991,$1.3M,21,0.12%,-0.08%,2.50%,2.68%,$422K,-,2023-07-12 16:35:05.005684
KumaMeMe,WBNB,KumaMeMe,$0.0141582,990,$211K,271,0%,0%,0%,-100%,$1,-,2023-07-12 16:35:05.007788
CBT2,WETH,COCKTORTURE2,$0.091418,989,$304,918,0%,0%,0%,4M%,$343,$59K,2023-07-12 16:35:05.009849
MEME,OSMO,MEME,$0.054709,987,$841,28,-0.06%,-4.97%,-3.48%,-3.79%,$3.0K,$23K,2023-07-12 16:35:05.011854
POPE,WETH,Pope,$0.0107924,983,$842K,388,0%,0.83%,-1.97%,66.29%,$50K,$33K,2023-07-12 16:35:05.013655
LION KING,WBNB,LION KING,$0.0112572,981,$51K,248,0%,7.90%,-13.02%,90.73%,$5.1K,$5.4K,2023-07-12 16:35:05.015450
Bonk,SOL,Bonk,$0.063431,980,$49K,184,-0.87%,-1.36%,-1.68%,-4.07%,$193K,$32.1M,2023-07-12 16:35:05.017242
ETX,USDC,Ethrix,$0.4016,970,$8.0K,19,-0.01%,-0.43%,1.76%,-17.75%,$16K,$40.1M,2023-07-12 16:35:05.019037
WBTC,OSMO,Wrapped Bitcoin,"$30,714.77",970,$283K,152,0.02%,0%,0.07%,0.62%,$7.5M,-,2023-07-12 16:35:05.020681
WETH,USDC,Wrapped Ether,"$1,893.02",969,$351K,735,0%,0.26%,0.57%,0.84%,$1.6M,$9.0M,2023-07-12 16:35:05.022318
WCFX,USDT,Wrapped Conflux,$0.1944,968,$193K,192,0%,-1.16%,-3.61%,7.98%,$898K,$9.2M,2023-07-12 16:35:05.023927
ETH,WBNB,Ethereum Token,"$1,898.34",963,$135K,770,0.23%,0.51%,0.56%,1.27%,$5.0M,$1.14B,2023-07-12 16:35:05.025564
WETH,USDC,Wrapped Ether,"$1,894.04",957,$744K,631,-0.02%,0.02%,0.26%,1.30%,$1.1M,$583.1M,2023-07-12 16:35:05.027198
Mfurie,WETH,MattFurie,$0.0104541,956,$515K,391,-5.00%,-72.66%,29.53%,29.53%,$26K,$19K,2023-07-12 16:35:05.028680
mSOL,USDC,Marinade staked SOL (mSOL),$25.26,953,$251K,84,0%,-0.38%,1.98%,2.33%,$484K,$142.5M,2023-07-12 16:35:05.030154
RDNT,WBNB,Radiant,$0.2847,952,$616K,441,0%,0.06%,0.24%,-0.52%,$19.3M,$18.9M,2023-07-12 16:35:05.031629
NEST,WETH,Nest,$0.00004688,951,$170K,296,0%,8.69%,-24.44%,"2,206%",$18K,$46K,2023-07-12 16:35:05.033108
WETH,USDC,Wrapped Ether,"$1,894.90",950,$59K,886,-0.02%,0.28%,0.51%,1.27%,$22K,$42.4M,2023-07-12 16:35:05.034582
ONE,WBNB,Harmony ONE,$0.01199,945,$45K,749,0%,-1.16%,1.02%,0.68%,$112K,$610K,2023-07-12 16:35:05.036033
WETH,USDT,Wrapped Ether,"$1,891.25",945,$1.1M,657,-0.30%,0.03%,-0.05%,1.09%,$1.7M,$582.3M,2023-07-12 16:35:05.037475
agEUR,USDC,agEUR,$1.10,945,$456K,666,0%,0.34%,0.63%,0.63%,$687K,$1.4M,2023-07-12 16:35:05.038799
USDC,USDT,USD Coin (PoS),$0.9999,943,$1.8M,653,0%,0%,0.01%,0.01%,$2.7M,$643.0M,2023-07-12 16:35:05.040149
FLT,USDT,FltToken,$0.002384,943,$12K,749,0.78%,2.21%,19.30%,14.44%,$27K,$266K,2023-07-12 16:35:05.041495
SHIB2.0,WBNB,Shiba Inu 2.0,$0.096066,939,$48K,130,1.16%,-0.34%,34.40%,1.07%,$27K,$143K,2023-07-12 16:35:05.042826
BLOX,DEBT,BloxRealEstate,$0.0004950,939,$23K,43,0.07%,-2.20%,4.12%,-4.06%,$77K,$1.95B,2023-07-12 16:35:05.044153
USDC,USDT,USD Coin,$1.00,939,$1.5M,736,0%,0%,0%,0%,$1.8M,$148.0M,2023-07-12 16:35:05.045481
PGEN,WMATIC,Polygen (PoS),$0.0001823,939,$8.6K,32,0%,0%,0.91%,0.34%,$21K,$170K,2023-07-12 16:35:05.046831
WBNB,USDT,Wrapped BNB,$246.60,938,$37K,682,0.02%,-0.18%,-0.70%,0.01%,$544K,$564.9M,2023-07-12 16:35:05.048179
WWAN,wanUSDT,Wrapped Wan,$0.2031,936,$22K,27,0%,0.76%,0.17%,-0.93%,$274K,$1.2M,2023-07-12 16:35:05.049460
POLI,WETH,Polinate (PoS),$0.0006351,934,$5.9K,34,0%,0%,-0.02%,1.78%,$17K,$24K,2023-07-12 16:35:05.050701
BTCB,WBNB,BTCB Token,"$30,760.82",932,$109K,557,0%,0.29%,0.26%,0.40%,$4.2M,$1.86B,2023-07-12 16:35:05.051945
WETH,USDT,Wrapped Ether,"$1,895.46",932,$401K,330,0.05%,0.09%,0.37%,1.36%,$753K,$409.7M,2023-07-12 16:35:05.053186
ETH,OSMO,Wrapped Ether,"$1,894.79",928,$225K,119,0.02%,0.10%,0.29%,1.33%,$8.2M,-,2023-07-12 16:35:05.054425
PEJEET,WETH,Pepe Jeet,$0.00009143,927,$321K,399,0%,-17.83%,21.46%,"4,569%",$27K,$91K,2023-07-12 16:35:05.055648
WLKN,SOL,Walken,$0.01971,927,$25K,420,0.97%,0.18%,-1.02%,-0.48%,$9.5K,$37.4M,2023-07-12 16:35:05.056872
STG,BUSD,StargateToken,$0.6395,924,$208K,498,-0.01%,-0.42%,-2.20%,-1.48%,$1.7M,$13.7M,2023-07-12 16:35:05.058094
ATLAS,USDC,Star Atlas,$0.001353,922,$61K,284,0%,-0.50%,-1.64%,-2.05%,$247K,$48.7M,2023-07-12 16:35:05.059293
BTC.b,WBNB,Bitcoin,"$30,692.23",914,$102K,695,-0.04%,-0.07%,0.03%,0.20%,$71K,$473K,2023-07-12 16:35:05.060481
FIL,WCORE,FIL,$0.009292,911,$7.0K,411,0.12%,-0.58%,-38.61%,-31.22%,$5.1K,$3.3K,2023-07-12 16:35:05.061668
WBNB,USDT,Wrapped BNB,$246.17,909,$2.0M,354,0%,-0.41%,-0.82%,-0.23%,$3.8M,$563.9M,2023-07-12 16:35:05.062837
BTC.b,WETH,Bitcoin,"$32,909.41",907,$84,115,0%,6.74%,-29.58%,56.61%,$2,$123K,2023-07-12 16:35:05.064024
DragonKing,WBNB,DragonKing,$0.064427,904,$175K,429,0.30%,-8.23%,-4.70%,-21.82%,$358K,$3.9M,2023-07-12 16:35:05.065196
vOP,vUSD,vOP,$1.25,900,$1.2M,27,0%,-0.28%,1.29%,3.23%,$457K,-,2023-07-12 16:35:05.066363
USDC,WETH,USD Coin,$1.00,897,$17K,48,0%,-0.02%,-0.15%,0.31%,$163K,$148.0M,2023-07-12 16:35:05.067518
Cake,USDC,PancakeSwap Token,$1.49,896,$29K,371,0%,-0.11%,-0.53%,-1.27%,$183K,$4.5M,2023-07-12 16:35:05.068652
ETH,WBNB,Ethereum Token,"$1,894.02",895,$201K,656,0.04%,-0.03%,0.31%,1.28%,$126K,$1.14B,2023-07-12 16:35:05.069803
WTT,TT-USDT,Wrapped Thunder Token,$0.004131,895,$8.3K,23,0%,0.07%,-1.01%,-10.58%,$12K,$522K,2023-07-12 16:35:05.070963
RISITA2.0,WBNB,Risitas 2.0,$0.00008131,894,$125K,396,-4.24%,-9.85%,-8.17%,-8.17%,$26K,$56K,2023-07-12 16:35:05.072114
CLIMB,USDT,CLIMB,$0.002623,894,$11K,320,0%,-0.75%,-13.23%,-29.47%,$114K,$502K,2023-07-12 16:35:05.073257
USDT,USDC,Tether USD,$1.00,893,$175K,687,0%,0%,-0.02%,0%,$1.1M,$3.2M,2023-07-12 16:35:05.074401
APT,USDC,Aptos Coin,$7.01,892,$3.5K,332,0%,-0.62%,-0.51%,0.77%,$8.6K,-,2023-07-12 16:35:05.075521
PSHARE,WPLS,PulseShare,"$4,253.08",887,$203K,181,0%,-0.77%,-2.17%,17.05%,$235K,$13.9M,2023-07-12 16:35:05.076692
HNT,USDH,Helium Network Token,$1.46,887,$4.1K,183,0%,-1.31%,1.07%,9.27%,$4.8K,$221.7M,2023-07-12 16:35:05.077872
POPO,WETH,POPO,$0.00004445,884,$183K,338,0%,-12.22%,-59.05%,50.31%,$4.9K,$4.4K,2023-07-12 16:35:05.079054
TT-ETH,TT-USDT,TT-ETH,"$1,892.97",883,$7.2K,17,0%,1.18%,0.62%,1.02%,$78K,$245K,2023-07-12 16:35:05.080248
WBNB,USDT,Wrapped BNB,$246.59,882,$291K,639,0%,-0.11%,-0.70%,-0.10%,$8.0M,$564.9M,2023-07-12 16:35:05.081416
LAND,USDT,LAND,$4.46,882,$63K,84,-0.01%,-1.05%,6.77%,-0.20%,$53K,$9.3M,2023-07-12 16:35:05.082627
gDEX,USDEX+,DexFi Governance,$52.79,880,$55K,31,0%,-2.55%,2.56%,5.02%,$181K,$6.3M,2023-07-12 16:35:05.083769
WagieBot,WETH,WagieBot,$0.09334,877,$708K,381,0%,-1.10%,-1.29%,-62.14%,$277K,$933K,2023-07-12 16:35:05.084940
IOT,HNT,Helium IOT,$0.0003669,876,$24K,706,-1.47%,-2.10%,-0.08%,9.04%,$95K,$6.3M,2023-07-12 16:35:05.086105
ALLBI,WBNB,ALLBESTICO.com,$0.0001102,874,$16K,191,6.12%,50.58%,86.33%,388%,$2.7K,$95K,2023-07-12 16:35:05.087271
WPLS,DAI,Wrapped Pulse,$0.0001091,868,$181K,299,-0.52%,-0.10%,3.46%,4.15%,$240K,$849.8M,2023-07-12 16:35:05.088429
MDX,USDT,MDX Token,$0.06626,868,$31K,84,-0.83%,-0.86%,-1.63%,2.93%,$694K,$47.8M,2023-07-12 16:35:05.089600
eShib,WETH,Ether Shiba Inu,$0.061115,865,$423K,358,0%,-2.15%,-31.51%,338%,$8.3K,$11K,2023-07-12 16:35:05.090743
iZi,WETH,izumi Token,$0.02438,863,$25K,704,0%,0.53%,0.52%,2.56%,$4.2K,$4.8M,2023-07-12 16:35:05.091882
SQUID2.0,WETH,Squid Game 2.0,$0.0004402,860,$2.2M,354,0.01%,-1.03%,-13.87%,13.72%,$753K,$20.0M,2023-07-12 16:35:05.093031
$TRUTH,WETH,TruthGPT,$0.0008875,860,$614K,319,0%,-2.83%,5.40%,295%,$116K,$686K,2023-07-12 16:35:05.094162
MONA2.0,WETH,MonaCoin 2.0,$0.00003237,857,$116K,260,0%,-20.90%,-88.76%,44.25%,$5.0K,$3.2K,2023-07-12 16:35:05.095287
RWT,USDT,RevaLink Wallet Token,$6.86,855,$102K,700,0%,-0.79%,-2.86%,3.01%,$26K,$43.92B,2023-07-12 16:35:05.096421
POFI,WETH,Poleis Finance,$0.005248,853,$352K,354,-6.46%,26.23%,-5.00%,"12,757%",$75K,$524K,2023-07-12 16:35:05.097549
BUSD,USDT,Binance USD,$0.5895,853,$423K,621,0%,-12.85%,12.63%,3.08%,$76K,$1.9M,2023-07-12 16:35:05.098772
NOVA,USDT,Nova Token ,$0.0152467,845,$2.5M,842,0%,0%,0.98%,-100%,<$1,-,2023-07-12 16:35:05.100041
PEPINU,WETH,Pepe Inu,$0.062788,843,$442K,422,14.90%,-1.73%,-31.53%,-61.84%,$56K,$263K,2023-07-12 16:35:05.101307
SOL,USDT,Wrapped SOL,$22.52,843,$65K,101,0%,-0.39%,2.05%,2.41%,$836K,-,2023-07-12 16:35:05.102512
ARB,WETH,Arbitrum,$1.14,843,$9.6K,419,0.04%,0.28%,-0.19%,-0.21%,$22K,$262K,2023-07-12 16:35:05.103728
$SAIPE,WETH,Saitama Pepe,$0.00003972,842,$158K,317,0%,0%,-2.38%,67.85%,$5.0K,$3.9K,2023-07-12 16:35:05.104967
GUAC,USDC,Guacamole,$0.085003,840,$29K,175,-0.06%,0.08%,-0.19%,-13.42%,$89K,$495K,2023-07-12 16:35:05.106176
ISC,SOL,International Stable Currency,$1.58,840,$6.1K,7,-0.08%,-0.28%,-0.02%,0.71%,$1.5K,$363K,2023-07-12 16:35:05.107368
MBOX,WBNB,Mobox,$0.2960,839,$601K,271,0.02%,-0.12%,0.09%,0.82%,$13.1M,$118.6M,2023-07-12 16:35:05.108605
OP,USDC,Optimism,$1.25,839,$732K,241,-0.03%,-0.02%,1.23%,3.28%,$1.5M,$5.37B,2023-07-12 16:35:05.109789
USDt,USDC,TetherToken,$1.00,839,$4.8M,667,0%,0%,0%,0%,$2.6M,$651.1M,2023-07-12 16:35:05.110981
4TOKEN,WCORE,Ignore Fud,$0.0001160,839,$11K,421,0%,0.04%,0.36%,-2.38%,$124K,$3.9M,2023-07-12 16:35:05.112170
PEPRO,WETH,PEPE PROTECTOR,$0.058602,835,$229K,294,0%,0%,-28.19%,120%,$11K,$8.6K,2023-07-12 16:35:05.113362
BLU,WBNB,BLU,$0.051472,835,$100K,41,0.02%,0.12%,-0.92%,0.37%,$224K,$1.4M,2023-07-12 16:35:05.114587
KIN,RAY,KIN,$0.057320,834,$6.7K,34,0%,1.24%,1.99%,4.26%,$23K,$73.1M,2023-07-12 16:35:05.115778
FIFA,USDT,Fortune of International Fitness Association,$10.22,833,$276K,522,0.10%,1.31%,-0.98%,-0.24%,$360K,$100.0M,2023-07-12 16:35:05.116967
ARKM,USDT,Arkham,$0.02963,833,$9.1M,468,-1.68%,10.57%,18.94%,"32,225%",$319K,$29.6M,2023-07-12 16:35:05.118197
SOL,USDC,Wrapped SOL,$22.52,831,$108K,82,0%,-0.44%,1.98%,2.36%,$829K,-,2023-07-12 16:35:05.119431
WCORE,USDC,Wrapped CORE,$0.9242,830,$1.6K,137,-0.05%,0.25%,0.24%,0.38%,$3.2K,$1.8M,2023-07-12 16:35:05.120633
AIDOGE2.0,WETH,AIDOGE 2.0,$0.081645,828,$382K,482,-0.23%,3.17%,-28.79%,-39.18%,$360K,$482K,2023-07-12 16:35:05.121835
X,WETH,AI-X,$0.092162,828,$904K,412,73.55%,130%,75.75%,59.32%,$285K,$2.1M,2023-07-12 16:35:05.123038
SAND,USDC,SAND,$0.4274,827,$5.0K,704,-0.05%,0.25%,0.50%,2.70%,$4.4K,$88.9M,2023-07-12 16:35:05.124239
Minidoge2.0,WBNB,Minidoge 2.0,$0.093827,826,$71K,415,0%,-9.25%,-4.32%,-8.20%,$84K,$80K,2023-07-12 16:35:05.125442
pXEN,WPLS,XEN Crypto,$0.072580,826,$22K,338,0.10%,1.56%,-5.76%,-14.11%,$7.2K,$88K,2023-07-12 16:35:05.126675
DEBT,USDT,DEBT,$12.47,824,$223K,434,0%,0.60%,0.87%,0.52%,$6.9M,$623.6M,2023-07-12 16:35:05.127896
THREADS,WETH,Threads,$0.0006600,821,$272K,365,0%,20.45%,26.83%,"1,504%",$31K,$65K,2023-07-12 16:35:05.129098
USDT,WETH,Tether USD,$1.00,820,$19K,719,0%,0.25%,-0.31%,0.09%,$84K,$5.8M,2023-07-12 16:35:05.130305
PRATE,WPLS,PulseRate,$0.0002796,818,$185K,167,0%,0.29%,-1.33%,15.76%,$229K,$618K,2023-07-12 16:35:05.131504
DFKGOLD,CRYSTAL,Gold,$0.00003596,818,$200,387,0.06%,0.83%,0.83%,-0.09%,$575,$51K,2023-07-12 16:35:05.132751
fUSDT,USDC,Frapped USDT,$0.3662,817,$239K,375,-0.69%,-9.46%,-30.96%,-27.15%,$102K,$30.4M,2023-07-12 16:35:05.133965
